DataHora;Referencia;Nivel;Erro;Sinal_de_Controle;Corrente_na_Bomba
2022-09-02 14:05:13.282481;27;1.70;25.30;25.30;0.00
2022-09-02 14:05:13.391828;27;1.70;25.30;31.30;0.80
2022-09-02 14:05:13.501177;27;1.69;25.31;31.31;0.63
2022-09-02 14:05:13.610527;27;1.80;25.20;31.20;1.55
2022-09-02 14:05:13.719876;27;1.64;25.36;31.36;1.70
2022-09-02 14:05:13.829225;27;1.67;25.33;31.33;1.78
2022-09-02 14:05:13.938574;27;1.75;25.25;31.25;1.77
2022-09-02 14:05:14.157273;27;1.73;25.27;31.27;1.78
2022-09-02 14:05:14.297865;27;1.71;25.29;31.29;1.81
2022-09-02 14:05:14.407214;27;1.71;25.29;31.29;1.83
2022-09-02 14:05:14.516562;27;1.77;25.23;31.23;1.82
2022-09-02 14:05:14.641533;27;1.71;25.29;31.29;1.81
2022-09-02 14:05:14.766504;27;1.71;25.29;31.29;1.81
2022-09-02 14:05:14.875853;27;1.72;25.28;31.28;2.07
2022-09-02 14:05:14.985201;27;1.74;25.26;31.26;1.97
2022-09-02 14:05:15.094550;27;1.71;25.29;31.29;1.79
2022-09-02 14:05:15.219521;27;1.69;25.31;31.31;1.82
2022-09-02 14:05:15.328872;27;1.68;25.32;31.32;1.81
2022-09-02 14:05:15.438220;27;1.71;25.29;31.29;1.87
2022-09-02 14:05:15.547569;27;1.90;25.10;31.10;1.91
2022-09-02 14:05:15.766267;27;1.53;25.47;31.47;1.74
2022-09-02 14:05:15.875616;27;2.09;24.91;30.91;1.89
2022-09-02 14:05:16.000588;27;2.22;24.78;30.78;1.80
2022-09-02 14:05:16.125558;27;2.67;24.33;30.33;1.79
2022-09-02 14:05:16.250527;27;2.63;24.37;30.37;1.79
2022-09-02 14:05:16.359876;27;2.77;24.23;30.23;1.77
2022-09-02 14:05:16.469227;27;2.76;24.24;30.24;1.78
2022-09-02 14:05:16.578575;27;2.94;24.06;30.06;2.08
2022-09-02 14:05:16.703546;27;3.02;23.98;29.98;1.82
2022-09-02 14:05:16.812894;27;3.20;23.80;29.80;1.81
2022-09-02 14:05:16.937865;27;3.56;23.44;29.44;1.80
2022-09-02 14:05:17.047215;27;3.65;23.35;29.35;1.81
2022-09-02 14:05:17.172184;27;3.33;23.67;29.67;1.80
2022-09-02 14:05:17.281535;27;3.74;23.26;29.26;1.79
2022-09-02 14:05:17.390883;27;3.79;23.21;29.21;2.10
2022-09-02 14:05:17.500231;27;3.99;23.01;29.01;1.82
2022-09-02 14:05:17.609580;27;4.13;22.87;28.87;1.89
2022-09-02 14:05:17.734551;27;4.35;22.65;28.65;1.95
2022-09-02 14:05:17.843900;27;4.68;22.32;28.32;1.76
2022-09-02 14:05:17.953250;27;4.02;22.98;28.98;1.76
2022-09-02 14:05:18.062599;27;4.69;22.31;28.31;1.84
2022-09-02 14:05:18.203190;27;5.55;21.45;27.45;1.86
2022-09-02 14:05:18.312539;27;4.68;22.32;28.32;1.88
2022-09-02 14:05:18.421888;27;5.15;21.85;27.85;2.06
2022-09-02 14:05:18.531238;27;5.03;21.97;27.97;1.83
2022-09-02 14:05:18.640586;27;5.59;21.41;27.41;1.87
2022-09-02 14:05:18.765558;27;5.82;21.18;27.18;1.81
2022-09-02 14:05:18.874907;27;6.17;20.83;26.83;1.90
2022-09-02 14:05:18.984257;27;5.68;21.32;27.32;1.81
2022-09-02 14:05:19.109227;27;5.93;21.07;27.07;1.96
2022-09-02 14:05:19.218575;27;6.60;20.40;26.40;1.71
2022-09-02 14:05:19.327925;27;6.71;20.29;26.29;1.86
2022-09-02 14:05:19.437274;27;6.44;20.56;26.56;1.79
2022-09-02 14:05:19.546623;27;6.98;20.02;26.02;1.85
2022-09-02 14:05:19.671593;27;6.79;20.21;26.21;1.75
2022-09-02 14:05:19.780942;27;7.29;19.71;25.71;2.06
2022-09-02 14:05:19.890292;27;6.86;20.14;26.14;1.74
2022-09-02 14:05:20.015262;27;7.12;19.88;25.88;2.04
2022-09-02 14:05:20.124611;27;6.88;20.12;26.12;1.76
2022-09-02 14:05:20.249581;27;7.28;19.72;25.72;1.82
2022-09-02 14:05:20.358930;27;7.70;19.30;25.30;1.81
2022-09-02 14:05:20.483902;27;7.92;19.08;25.08;1.85
2022-09-02 14:05:20.593250;27;7.82;19.18;25.18;1.82
2022-09-02 14:05:20.718220;27;8.40;18.60;24.60;1.80
2022-09-02 14:05:20.827570;27;8.45;18.55;24.55;1.81
2022-09-02 14:05:20.936920;27;8.53;18.47;24.47;1.80
2022-09-02 14:05:21.046269;27;8.64;18.36;24.36;1.68
2022-09-02 14:05:21.155618;27;8.69;18.31;24.31;1.77
2022-09-02 14:05:21.264966;27;8.74;18.26;24.26;1.76
2022-09-02 14:05:21.374316;27;8.77;18.23;24.23;1.86
2022-09-02 14:05:21.483666;27;8.86;18.14;24.14;1.78
2022-09-02 14:05:21.593014;27;9.14;17.86;23.86;2.00
2022-09-02 14:05:21.717984;27;9.27;17.73;23.73;1.82
2022-09-02 14:05:21.827333;27;9.37;17.63;23.63;1.80
2022-09-02 14:05:21.936683;27;9.53;17.47;23.47;1.81
2022-09-02 14:05:22.046032;27;10.01;16.99;22.99;1.80
2022-09-02 14:05:22.155382;27;9.62;17.38;23.38;1.94
2022-09-02 14:05:22.280350;27;9.88;17.12;23.12;1.80
2022-09-02 14:05:22.389702;27;10.18;16.82;22.82;1.76
2022-09-02 14:05:22.499050;27;10.32;16.68;22.68;1.82
2022-09-02 14:05:22.624019;27;10.31;16.69;22.69;1.80
2022-09-02 14:05:22.733371;27;10.27;16.73;22.73;1.79
2022-09-02 14:05:22.842718;27;10.09;16.91;22.91;1.82
2022-09-02 14:05:22.952069;27;10.75;16.25;22.25;2.09
2022-09-02 14:05:23.077039;27;10.81;16.19;22.19;1.73
2022-09-02 14:05:23.202008;27;11.22;15.78;21.78;1.83
2022-09-02 14:05:23.311358;27;11.42;15.58;21.58;1.74
2022-09-02 14:05:23.420707;27;11.67;15.33;21.33;1.87
2022-09-02 14:05:23.530056;27;11.19;15.81;21.81;1.78
2022-09-02 14:05:23.639404;27;11.15;15.85;21.85;1.76
2022-09-02 14:05:23.764375;27;11.08;15.92;21.92;1.79
2022-09-02 14:05:23.873724;27;11.39;15.61;21.61;1.73
2022-09-02 14:05:23.983075;27;11.60;15.40;21.40;1.83
2022-09-02 14:05:24.092423;27;11.77;15.23;21.23;1.82
2022-09-02 14:05:24.217393;27;11.32;15.68;21.68;1.79
2022-09-02 14:05:24.326743;27;11.94;15.06;21.06;1.81
2022-09-02 14:05:24.436091;27;12.02;14.98;20.98;1.70
2022-09-02 14:05:24.561063;27;12.00;15.00;21.00;1.79
2022-09-02 14:05:24.670411;27;12.57;14.43;20.43;1.83
2022-09-02 14:05:24.779760;27;12.01;14.99;20.99;1.84
2022-09-02 14:05:24.935973;27;13.25;13.75;19.75;1.81
2022-09-02 14:05:25.045322;27;12.59;14.41;20.41;1.78
2022-09-02 14:05:25.154671;27;12.86;14.14;20.14;1.72
2022-09-02 14:05:25.279643;27;13.17;13.83;19.83;1.93
2022-09-02 14:05:25.404612;27;12.93;14.07;20.07;1.84
2022-09-02 14:05:25.513962;27;13.17;13.83;19.83;1.81
2022-09-02 14:05:25.623310;27;13.11;13.89;19.89;1.84
2022-09-02 14:05:25.732660;27;13.71;13.29;19.29;1.71
2022-09-02 14:05:25.842008;27;13.85;13.15;19.15;1.74
2022-09-02 14:05:25.982600;27;13.63;13.37;19.37;1.94
2022-09-02 14:05:26.091950;27;13.78;13.22;19.22;1.85
2022-09-02 14:05:26.216919;27;14.24;12.76;18.76;1.77
2022-09-02 14:05:26.326270;27;14.67;12.33;18.33;2.10
2022-09-02 14:05:26.451239;27;14.51;12.49;18.49;1.72
2022-09-02 14:05:26.560588;27;14.26;12.74;18.74;1.77
2022-09-02 14:05:26.669939;27;14.62;12.38;18.38;1.80
2022-09-02 14:05:26.779288;27;14.48;12.52;18.52;1.78
2022-09-02 14:05:26.904258;27;14.78;12.22;18.22;1.80
2022-09-02 14:05:27.013607;27;14.70;12.30;18.30;1.71
2022-09-02 14:05:27.122955;27;14.87;12.13;18.13;1.96
2022-09-02 14:05:27.247925;27;15.10;11.90;17.90;1.81
2022-09-02 14:05:27.357274;27;14.89;12.11;18.11;1.83
2022-09-02 14:05:27.466624;27;15.18;11.82;17.82;1.89
2022-09-02 14:05:27.575976;27;15.05;11.95;17.95;1.81
2022-09-02 14:05:27.700944;27;15.56;11.44;17.44;1.78
2022-09-02 14:05:27.825915;27;15.47;11.53;17.53;1.87
2022-09-02 14:05:27.935265;27;15.67;11.33;17.33;1.78
2022-09-02 14:05:28.060236;27;15.55;11.45;17.45;1.78
2022-09-02 14:05:28.169584;27;15.81;11.19;17.19;1.78
2022-09-02 14:05:28.278932;27;16.09;10.91;16.91;1.74
2022-09-02 14:05:28.388286;27;16.06;10.94;16.94;2.12
2022-09-02 14:05:28.497630;27;16.45;10.55;16.55;1.77
2022-09-02 14:05:28.622600;27;16.09;10.91;16.91;1.66
2022-09-02 14:05:28.747571;27;16.62;10.38;16.38;1.81
2022-09-02 14:05:28.872541;27;16.99;10.01;16.01;1.85
2022-09-02 14:05:28.981891;27;16.91;10.09;16.09;1.70
2022-09-02 14:05:29.091240;27;16.60;10.40;16.40;1.75
2022-09-02 14:05:29.216210;27;16.90;10.10;16.10;1.66
2022-09-02 14:05:29.325559;27;17.05;9.95;15.95;1.89
2022-09-02 14:05:29.434910;27;16.57;10.43;16.43;1.82
2022-09-02 14:05:29.544257;27;17.10;9.90;15.90;2.04
2022-09-02 14:05:29.669228;27;17.34;9.66;15.66;1.80
2022-09-02 14:05:29.778578;27;17.55;9.45;15.45;1.72
2022-09-02 14:05:29.887934;27;17.85;9.15;15.15;1.83
2022-09-02 14:05:29.997276;27;17.72;9.28;15.28;1.75
2022-09-02 14:05:30.122245;27;17.70;9.30;15.30;1.80
2022-09-02 14:05:30.247216;27;17.90;9.10;15.10;1.81
2022-09-02 14:05:30.356565;27;17.82;9.18;15.18;1.82
2022-09-02 14:05:30.465914;27;18.12;8.88;14.88;1.69
2022-09-02 14:05:30.575264;27;18.16;8.84;14.84;1.79
2022-09-02 14:05:30.684614;27;18.49;8.51;14.51;2.02
2022-09-02 14:05:30.793963;27;18.28;8.72;14.72;1.81
2022-09-02 14:05:30.903312;27;18.83;8.17;14.17;2.08
2022-09-02 14:05:31.012661;27;18.40;8.60;14.60;1.77
2022-09-02 14:05:31.137631;27;18.87;8.13;14.13;2.07
2022-09-02 14:05:31.262602;27;18.84;8.16;14.16;1.77
2022-09-02 14:05:31.371950;27;18.98;8.02;14.02;1.86
2022-09-02 14:05:31.481299;27;19.01;7.99;13.99;1.85
2022-09-02 14:05:31.606271;27;19.19;7.81;13.81;1.90
2022-09-02 14:05:31.715620;27;19.41;7.59;13.59;2.03
2022-09-02 14:05:31.824969;27;19.57;7.43;13.43;1.80
2022-09-02 14:05:31.934319;27;19.40;7.60;13.60;1.78
2022-09-02 14:05:32.043667;27;19.80;7.20;13.20;1.83
2022-09-02 14:05:32.153015;27;19.80;7.20;13.20;1.79
2022-09-02 14:05:32.277986;27;19.73;7.27;13.27;1.82
2022-09-02 14:05:32.387338;27;19.90;7.10;13.10;1.78
2022-09-02 14:05:32.496685;27;19.96;7.04;13.04;2.00
2022-09-02 14:05:32.606033;27;20.34;6.66;12.66;2.09
2022-09-02 14:05:32.731005;27;20.45;6.55;12.55;1.81
2022-09-02 14:05:32.840353;27;20.33;6.67;12.67;1.69
2022-09-02 14:05:32.949702;27;20.37;6.63;12.63;1.74
2022-09-02 14:05:33.059051;27;20.31;6.69;12.69;1.92
2022-09-02 14:05:33.184023;27;20.60;6.40;12.40;1.80
2022-09-02 14:05:33.293372;27;20.61;6.39;12.39;1.78
2022-09-02 14:05:33.418341;27;20.48;6.52;12.52;2.01
2022-09-02 14:05:33.527692;27;20.93;6.07;12.07;1.80
2022-09-02 14:05:33.652662;27;20.86;6.14;12.14;1.97
2022-09-02 14:05:33.762010;27;21.17;5.83;11.83;2.05
2022-09-02 14:05:33.871361;27;21.20;5.80;11.80;1.86
2022-09-02 14:05:33.980708;27;21.08;5.92;11.92;1.77
2022-09-02 14:05:34.090058;27;21.23;5.77;11.77;1.78
2022-09-02 14:05:34.199407;27;21.57;5.43;11.43;1.93
2022-09-02 14:05:34.324378;27;21.54;5.46;11.46;1.88
2022-09-02 14:05:34.433727;27;21.68;5.32;11.32;2.01
2022-09-02 14:05:34.558698;27;21.80;5.20;11.20;1.81
2022-09-02 14:05:34.668046;27;21.75;5.25;11.25;1.79
2022-09-02 14:05:34.793017;27;21.96;5.04;11.04;1.78
2022-09-02 14:05:34.917987;27;21.98;5.02;11.02;1.81
2022-09-02 14:05:35.027336;27;22.11;4.89;10.89;1.76
2022-09-02 14:05:35.136686;27;22.32;4.68;10.68;1.78
2022-09-02 14:05:35.246033;27;22.19;4.81;10.81;1.78
2022-09-02 14:05:35.355383;27;22.47;4.53;10.53;1.82
2022-09-02 14:05:35.495974;27;22.45;4.55;10.55;1.86
2022-09-02 14:05:35.605324;27;22.67;4.33;10.33;1.76
2022-09-02 14:05:35.730296;27;22.41;4.59;10.59;1.76
2022-09-02 14:05:35.839643;27;22.77;4.23;10.23;1.78
2022-09-02 14:05:35.964613;27;22.87;4.13;10.13;1.80
2022-09-02 14:05:36.073964;27;22.94;4.06;10.06;1.78
2022-09-02 14:05:36.214556;27;23.02;3.98;9.98;1.82
2022-09-02 14:05:36.323903;27;23.06;3.94;9.94;1.83
2022-09-02 14:05:36.433253;27;23.19;3.81;9.81;1.77
2022-09-02 14:05:36.542602;27;23.23;3.77;9.77;1.78
2022-09-02 14:05:36.651952;27;23.38;3.62;9.62;1.86
2022-09-02 14:05:36.761301;27;23.47;3.53;9.53;1.80
2022-09-02 14:05:36.901894;27;23.53;3.47;9.47;1.87
2022-09-02 14:05:37.011242;27;23.64;3.36;9.36;1.82
2022-09-02 14:05:37.120590;27;23.70;3.30;9.30;1.76
2022-09-02 14:05:37.261184;27;23.67;3.33;9.33;1.77
2022-09-02 14:05:37.370532;27;23.96;3.04;9.04;1.77
2022-09-02 14:05:37.479880;27;23.97;3.03;9.03;1.71
2022-09-02 14:05:37.620473;27;24.08;2.92;8.92;1.74
2022-09-02 14:05:37.745444;27;24.17;2.83;8.83;1.76
2022-09-02 14:05:37.854792;27;24.23;2.77;8.77;1.89
2022-09-02 14:05:37.979763;27;24.10;2.90;8.90;1.78
2022-09-02 14:05:38.089112;27;24.37;2.63;8.63;1.81
2022-09-02 14:05:38.214083;27;24.48;2.52;8.52;1.76
2022-09-02 14:05:38.323432;27;24.64;2.36;8.36;1.95
2022-09-02 14:05:38.448401;27;24.77;2.23;8.23;1.99
2022-09-02 14:05:38.573371;27;24.76;2.24;8.24;1.85
2022-09-02 14:05:38.682722;27;25.04;1.96;7.96;1.87
2022-09-02 14:05:38.792070;27;25.04;1.96;7.96;1.73
2022-09-02 14:05:38.901421;27;25.09;1.91;7.91;1.77
2022-09-02 14:05:39.010769;27;25.07;1.93;7.93;1.66
2022-09-02 14:05:39.135740;27;25.24;1.76;7.76;1.71
2022-09-02 14:05:39.260711;27;25.32;1.68;7.68;1.81
2022-09-02 14:05:39.370059;27;25.39;1.61;7.61;1.72
2022-09-02 14:05:39.479407;27;25.49;1.51;7.51;1.67
2022-09-02 14:05:39.604379;27;25.55;1.45;7.45;1.71
2022-09-02 14:05:39.729350;27;25.62;1.38;7.38;1.76
2022-09-02 14:05:39.854320;27;25.71;1.29;7.29;1.86
2022-09-02 14:05:39.963670;27;25.78;1.22;7.22;1.81
2022-09-02 14:05:40.104259;27;25.90;1.10;7.10;1.79
2022-09-02 14:05:40.213609;27;25.96;1.04;7.04;2.01
2022-09-02 14:05:40.338580;27;26.16;0.84;6.84;1.88
2022-09-02 14:05:40.447954;27;26.17;0.83;6.83;1.80
2022-09-02 14:05:40.572899;27;26.21;0.79;6.79;1.77
2022-09-02 14:05:40.682249;27;26.29;0.71;6.71;1.85
2022-09-02 14:05:40.791597;27;26.42;0.58;6.58;1.77
2022-09-02 14:05:40.916569;27;26.46;0.54;6.54;1.82
2022-09-02 14:05:41.041538;27;26.65;0.35;6.35;1.79
2022-09-02 14:05:41.166510;27;26.64;0.36;6.36;1.81
2022-09-02 14:05:41.275857;27;26.73;0.27;6.27;1.78
2022-09-02 14:05:41.400828;27;26.87;0.13;6.13;1.80
2022-09-02 14:05:41.525800;27;26.89;0.11;6.11;1.79
2022-09-02 14:05:41.635148;27;27.00;-0.00;6.00;2.01
2022-09-02 14:05:41.760118;27;27.16;-0.16;5.84;1.97
2022-09-02 14:05:41.869468;27;27.17;-0.17;5.78;1.78
2022-09-02 14:05:41.978817;27;27.32;-0.32;5.57;1.82
2022-09-02 14:05:42.119408;27;27.35;-0.35;5.43;1.79
2022-09-02 14:05:42.244378;27;27.47;-0.47;5.19;1.84
2022-09-02 14:05:42.353728;27;27.53;-0.53;4.98;1.78
2022-09-02 14:05:42.463078;27;27.63;-0.63;4.70;2.02
2022-09-02 14:05:42.572426;27;27.69;-0.69;4.43;1.87
2022-09-02 14:05:42.681776;27;27.76;-0.76;4.13;1.80
2022-09-02 14:05:42.806745;27;27.85;-0.85;3.78;1.90
2022-09-02 14:05:42.916096;27;28.02;-1.02;3.33;1.64
2022-09-02 14:05:43.025444;27;28.00;-1.00;3.01;1.45
2022-09-02 14:05:43.150415;27;27.99;-0.99;2.69;1.21
2022-09-02 14:05:43.259763;27;28.04;-1.04;2.31;1.12
2022-09-02 14:05:43.369114;27;28.05;-1.05;1.95;1.01
2022-09-02 14:05:43.478461;27;28.09;-1.09;1.56;0.88
2022-09-02 14:05:43.587811;27;28.06;-1.06;1.23;0.69
2022-09-02 14:05:43.728403;27;28.10;-1.10;0.83;0.62
2022-09-02 14:05:43.837752;27;28.07;-1.07;0.49;0.47
2022-09-02 14:05:43.947102;27;28.05;-1.05;0.16;0.44
2022-09-02 14:05:44.056450;27;28.02;-1.02;-0.16;0.29
2022-09-02 14:05:44.181421;27;27.97;-0.97;-0.45;-0.30
2022-09-02 14:05:44.290771;27;27.96;-0.96;-0.76;-0.39
2022-09-02 14:05:44.400119;27;27.83;-0.83;-0.96;-0.45
2022-09-02 14:05:44.509468;27;27.73;-0.73;-1.13;-0.44
2022-09-02 14:05:44.650061;27;27.80;-0.80;-1.45;-0.59
2022-09-02 14:05:44.775030;27;27.66;-0.66;-1.57;-0.65
2022-09-02 14:05:44.884380;27;27.50;-0.50;-1.63;-0.68
2022-09-02 14:05:44.993729;27;27.42;-0.42;-1.72;-0.72
2022-09-02 14:05:45.118698;27;27.24;-0.24;-1.67;-0.80
2022-09-02 14:05:45.228047;27;27.14;-0.14;-1.65;-0.72
2022-09-02 14:05:45.337397;27;27.00;0.00;-1.56;-0.86
2022-09-02 14:05:45.446746;27;26.88;0.12;-1.44;-0.68
2022-09-02 14:05:45.556095;27;26.76;0.24;-1.28;-0.63
2022-09-02 14:05:45.681065;27;26.69;0.31;-1.13;-0.55
2022-09-02 14:05:45.790416;27;26.59;0.41;-0.93;-0.67
2022-09-02 14:05:45.899765;27;26.60;0.40;-0.80;-0.52
2022-09-02 14:05:46.009113;27;26.59;0.41;-0.65;-0.39
2022-09-02 14:05:46.118462;27;26.58;0.42;-0.51;-0.40
2022-09-02 14:05:46.259054;27;26.65;0.35;-0.44;-0.37
2022-09-02 14:05:46.368403;27;26.76;0.24;-0.43;-0.42
2022-09-02 14:05:46.477752;27;26.90;0.10;-0.50;-0.34
2022-09-02 14:05:46.587101;27;26.99;0.01;-0.55;-0.36
2022-09-02 14:05:46.712072;27;27.07;-0.07;-0.63;-0.35
2022-09-02 14:05:46.821420;27;27.10;-0.10;-0.68;-0.42
2022-09-02 14:05:46.930773;27;27.13;-0.13;-0.75;-0.48
2022-09-02 14:05:47.040120;27;27.12;-0.12;-0.78;-0.39
2022-09-02 14:05:47.149469;27;27.07;-0.07;-0.77;-0.41
2022-09-02 14:05:47.274439;27;27.01;-0.01;-0.74;-0.41
2022-09-02 14:05:47.399409;27;26.95;0.05;-0.68;-0.40
2022-09-02 14:05:47.508759;27;26.88;0.12;-0.59;-0.41
2022-09-02 14:05:47.618108;27;26.82;0.18;-0.49;-0.36
2022-09-02 14:05:47.743079;27;26.75;0.25;-0.36;-0.34
2022-09-02 14:05:47.852426;27;26.63;0.37;-0.16;-0.34
2022-09-02 14:05:47.961776;27;26.52;0.48;0.07;-0.29
2022-09-02 14:05:48.071125;27;26.45;0.55;0.31;0.13
2022-09-02 14:05:48.180475;27;26.33;0.67;0.61;0.42
2022-09-02 14:05:48.289823;27;26.27;0.73;0.89;0.45
2022-09-02 14:05:48.399172;27;26.22;0.78;1.19;0.47
2022-09-02 14:05:48.524143;27;26.14;0.86;1.52;0.58
2022-09-02 14:05:48.633493;27;26.03;0.97;1.92;0.64
2022-09-02 14:05:48.742841;27;25.93;1.07;2.34;0.82
2022-09-02 14:05:48.867812;27;25.85;1.15;2.78;0.94
2022-09-02 14:05:49.008407;27;25.77;1.23;3.25;1.33
2022-09-02 14:05:49.117753;27;25.68;1.32;3.75;1.39
2022-09-02 14:05:49.258352;27;25.56;1.44;4.31;1.63
2022-09-02 14:05:49.383314;27;25.41;1.59;4.94;1.79
2022-09-02 14:05:49.492665;27;25.32;1.68;5.55;2.05
2022-09-02 14:05:49.602012;27;25.22;1.78;6.21;1.90
2022-09-02 14:05:49.726983;27;25.12;1.88;6.91;1.75
2022-09-02 14:05:49.836333;27;25.05;1.95;7.61;1.78
2022-09-02 14:05:49.961303;27;24.87;2.13;8.13;1.83
2022-09-02 14:05:50.070653;27;24.76;2.24;8.24;2.05
2022-09-02 14:05:50.195624;27;24.69;2.31;8.31;1.83
2022-09-02 14:05:50.320593;27;24.70;2.30;8.30;1.81
2022-09-02 14:05:50.429942;27;24.68;2.32;8.32;1.87
2022-09-02 14:05:50.539292;27;24.61;2.39;8.39;1.80
2022-09-02 14:05:50.664261;27;24.54;2.46;8.46;1.82
2022-09-02 14:05:50.773611;27;24.59;2.41;8.41;1.78
2022-09-02 14:05:50.882961;27;24.57;2.43;8.43;1.80
2022-09-02 14:05:50.992309;27;24.60;2.40;8.40;1.74
2022-09-02 14:05:51.117280;27;24.55;2.45;8.45;1.84
2022-09-02 14:05:51.257872;27;24.72;2.28;8.28;1.78
2022-09-02 14:05:51.367221;27;24.62;2.38;8.38;1.78
2022-09-02 14:05:51.476570;27;24.78;2.22;8.22;1.78
2022-09-02 14:05:51.585918;27;24.73;2.27;8.27;1.90
2022-09-02 14:05:51.726510;27;24.86;2.14;8.14;1.80
2022-09-02 14:05:51.913967;27;24.89;2.11;8.11;1.83
2022-09-02 14:05:52.038938;27;24.95;2.05;8.05;1.67
2022-09-02 14:05:52.148287;27;24.96;2.04;8.04;2.01
2022-09-02 14:05:52.273256;27;25.04;1.96;7.96;1.81
2022-09-02 14:05:52.382605;27;25.09;1.91;7.91;1.82
2022-09-02 14:05:52.491954;27;25.17;1.83;7.83;1.77
2022-09-02 14:05:52.601303;27;25.30;1.70;7.70;1.71
2022-09-02 14:05:52.726274;27;25.15;1.85;7.85;1.82
2022-09-02 14:05:52.835624;27;25.27;1.73;7.73;1.78
2022-09-02 14:05:52.944973;27;25.32;1.68;7.68;1.81
2022-09-02 14:05:53.054321;27;25.29;1.71;7.71;1.99
2022-09-02 14:05:53.163672;27;25.38;1.62;7.62;1.76
2022-09-02 14:05:53.273020;27;25.42;1.58;7.58;1.81
2022-09-02 14:05:53.382370;27;25.48;1.52;7.52;1.81
2022-09-02 14:05:53.491718;27;25.64;1.36;7.36;1.82
2022-09-02 14:05:53.601068;27;25.55;1.45;7.45;1.69
2022-09-02 14:05:53.726039;27;25.66;1.34;7.34;1.81
2022-09-02 14:05:53.835386;27;25.67;1.33;7.33;1.76
2022-09-02 14:05:53.944736;27;25.70;1.30;7.30;2.09
2022-09-02 14:05:54.054085;27;25.72;1.28;7.28;1.84
2022-09-02 14:05:54.179055;27;25.82;1.18;7.18;1.85
2022-09-02 14:05:54.304025;27;25.85;1.15;7.15;1.77
2022-09-02 14:05:54.413376;27;25.91;1.09;7.09;1.87
2022-09-02 14:05:54.522724;27;26.02;0.98;6.98;1.75
2022-09-02 14:05:54.647694;27;25.94;1.06;7.06;1.99
2022-09-02 14:05:54.772664;27;26.10;0.90;6.90;1.77
2022-09-02 14:05:54.882016;27;26.08;0.92;6.92;1.68
2022-09-02 14:05:54.991363;27;26.17;0.83;6.83;1.79
2022-09-02 14:05:55.100713;27;26.21;0.79;6.79;1.95
2022-09-02 14:05:55.225683;27;26.28;0.72;6.72;1.78
2022-09-02 14:05:55.331822;27;26.35;0.65;6.65;1.81
2022-09-02 14:05:55.441170;27;26.43;0.57;6.57;2.08
2022-09-02 14:05:55.550519;27;26.33;0.67;6.67;1.64
2022-09-02 14:05:55.675491;27;26.50;0.50;6.50;1.77
2022-09-02 14:05:55.800462;27;26.51;0.49;6.49;1.78
2022-09-02 14:05:55.925432;27;26.60;0.40;6.40;1.71
2022-09-02 14:05:56.050402;27;26.71;0.29;6.29;1.81
2022-09-02 14:05:56.175372;27;26.70;0.30;6.30;1.79
2022-09-02 14:05:56.284720;27;26.79;0.21;6.21;1.80
2022-09-02 14:05:56.409691;27;26.81;0.19;6.19;1.81
2022-09-02 14:05:56.534663;27;26.85;0.15;6.15;1.80
2022-09-02 14:05:56.644011;27;26.97;0.03;6.03;1.81
2022-09-02 14:05:56.768981;27;26.99;0.01;6.01;1.92
2022-09-02 14:05:56.893952;27;26.99;0.01;6.01;1.91
2022-09-02 14:05:57.018922;27;27.04;-0.04;5.96;1.73
2022-09-02 14:05:57.128275;27;27.08;-0.08;5.90;2.01
2022-09-02 14:05:57.268864;27;27.22;-0.22;5.74;1.76
2022-09-02 14:05:57.378213;27;27.34;-0.34;5.55;1.95
2022-09-02 14:05:57.487562;27;27.35;-0.35;5.42;2.03
2022-09-02 14:05:57.596910;27;27.42;-0.42;5.23;1.85
2022-09-02 14:05:57.721881;27;27.51;-0.51;5.00;1.86
2022-09-02 14:05:57.831231;27;27.46;-0.46;4.89;1.78
2022-09-02 14:05:57.956202;27;27.56;-0.56;4.63;1.77
2022-09-02 14:05:58.065551;27;27.61;-0.61;4.40;2.06
2022-09-02 14:05:58.190521;27;27.65;-0.65;4.15;1.79
2022-09-02 14:05:58.315490;27;27.76;-0.76;3.83;2.10
2022-09-02 14:05:58.424842;27;27.80;-0.80;3.54;1.72
2022-09-02 14:05:58.534189;27;27.83;-0.83;3.24;1.57
2022-09-02 14:05:58.674781;27;27.96;-0.96;2.83;1.51
2022-09-02 14:05:58.784129;27;27.86;-0.86;2.61;1.19
2022-09-02 14:05:58.909100;27;27.90;-0.90;2.28;1.09
2022-09-02 14:05:59.034071;27;27.93;-0.93;1.96;1.00
2022-09-02 14:05:59.159041;27;27.81;-0.81;1.76;0.85
2022-09-02 14:05:59.284012;27;27.87;-0.87;1.44;0.84
2022-09-02 14:05:59.393361;27;27.90;-0.90;1.12;0.67
2022-09-02 14:05:59.502713;27;27.80;-0.80;0.91;0.55
2022-09-02 14:05:59.612060;27;27.75;-0.75;0.70;0.47
2022-09-02 14:05:59.752651;27;27.65;-0.65;0.54;0.54
2022-09-02 14:05:59.862000;27;27.65;-0.65;0.32;0.45
2022-09-02 14:05:59.971349;27;27.56;-0.56;0.20;0.43
2022-09-02 14:06:00.080698;27;27.49;-0.49;0.09;0.38
2022-09-02 14:06:00.205668;27;27.44;-0.44;-0.03;0.17
2022-09-02 14:06:00.315019;27;27.44;-0.44;-0.18;-0.06
2022-09-02 14:06:00.424367;27;27.36;-0.36;-0.25;-0.34
2022-09-02 14:06:00.549338;27;27.30;-0.30;-0.30;-0.39
2022-09-02 14:06:00.658686;27;27.22;-0.22;-0.33;-0.38
2022-09-02 14:06:00.768036;27;27.08;-0.08;-0.26;-0.37
2022-09-02 14:06:00.877384;27;27.05;-0.05;-0.26;-0.37
2022-09-02 14:06:00.986735;27;27.09;-0.09;-0.32;-0.38
2022-09-02 14:06:01.096083;27;27.00;0.00;-0.25;-0.40
2022-09-02 14:06:01.221053;27;26.93;0.07;-0.18;-0.37
2022-09-02 14:06:01.330404;27;26.84;0.16;-0.07;-0.35
2022-09-02 14:06:01.439753;27;26.79;0.21;0.04;-0.13
2022-09-02 14:06:01.549101;27;26.69;0.31;0.20;0.08
2022-09-02 14:06:01.674071;27;26.64;0.36;0.35;0.39
2022-09-02 14:06:01.783421;27;26.55;0.45;0.57;0.58
2022-09-02 14:06:01.908390;27;26.50;0.50;0.77;0.51
2022-09-02 14:06:02.033361;27;26.42;0.58;1.01;0.51
2022-09-02 14:06:02.173952;27;26.37;0.63;1.25;0.58
2022-09-02 14:06:02.283302;27;26.32;0.68;1.52;0.57
2022-09-02 14:06:02.408273;27;26.24;0.76;1.82;0.68
2022-09-02 14:06:02.517622;27;26.23;0.77;2.09;0.86
2022-09-02 14:06:02.626972;27;26.19;0.81;2.38;0.92
2022-09-02 14:06:02.751942;27;26.17;0.83;2.67;1.08
2022-09-02 14:06:02.861290;27;26.17;0.83;2.95;1.28
2022-09-02 14:06:02.970640;27;26.21;0.79;3.18;1.22
2022-09-02 14:06:03.079988;27;26.22;0.78;3.44;1.32
2022-09-02 14:06:03.204960;27;26.26;0.74;3.66;1.56
2022-09-02 14:06:03.329953;27;26.25;0.75;3.92;1.68
2022-09-02 14:06:03.470521;27;26.25;0.75;4.17;2.03
2022-09-02 14:06:03.611113;27;26.31;0.69;4.35;1.80
2022-09-02 14:06:03.751704;27;26.37;0.63;4.53;1.91
2022-09-02 14:06:03.861055;27;26.40;0.60;4.71;1.85
2022-09-02 14:06:03.986025;27;26.35;0.65;4.96;1.77
2022-09-02 14:06:04.110994;27;26.49;0.51;5.03;1.98
2022-09-02 14:06:04.235965;27;26.54;0.46;5.16;1.86
2022-09-02 14:06:04.360936;27;26.54;0.46;5.31;1.73
2022-09-02 14:06:04.485905;27;26.55;0.45;5.45;1.82
2022-09-02 14:06:04.610876;27;26.55;0.45;5.60;1.95
2022-09-02 14:06:04.751468;27;26.59;0.41;5.71;1.98
2022-09-02 14:06:04.892060;27;26.59;0.41;5.85;1.70
2022-09-02 14:06:05.017031;27;26.68;0.32;5.90;1.79
2022-09-02 14:06:05.126380;27;26.65;0.35;6.03;1.89
2022-09-02 14:06:05.266971;27;26.87;0.13;5.93;2.00
2022-09-02 14:06:05.376322;27;26.81;0.19;6.04;1.79
2022-09-02 14:06:05.516913;27;26.77;0.23;6.13;1.81
2022-09-02 14:06:05.626260;27;26.87;0.13;6.12;2.00
2022-09-02 14:06:05.751231;27;26.93;0.07;6.07;1.86
2022-09-02 14:06:05.876203;27;27.03;-0.03;5.97;1.81
2022-09-02 14:06:06.001172;27;26.94;0.06;6.05;1.82
2022-09-02 14:06:06.110522;27;27.04;-0.04;5.96;1.70
2022-09-02 14:06:06.219872;27;27.08;-0.08;5.90;1.76
2022-09-02 14:06:06.344841;27;27.11;-0.11;5.84;1.78
2022-09-02 14:06:06.469813;27;27.14;-0.14;5.78;1.84
2022-09-02 14:06:06.579161;27;27.22;-0.22;5.65;1.84
2022-09-02 14:06:06.719752;27;27.29;-0.29;5.51;1.79
2022-09-02 14:06:06.829103;27;27.32;-0.32;5.38;1.82
2022-09-02 14:06:07.047800;27;27.35;-0.35;5.24;1.81
2022-09-02 14:06:07.157150;27;27.42;-0.42;5.06;1.97
2022-09-02 14:06:07.266498;27;27.45;-0.45;4.89;1.89
2022-09-02 14:06:07.375848;27;27.52;-0.52;4.67;1.82
2022-09-02 14:06:07.500819;27;27.54;-0.54;4.47;1.72
2022-09-02 14:06:07.610168;27;27.56;-0.56;4.28;1.96
2022-09-02 14:06:07.719517;27;27.68;-0.68;3.97;1.78
2022-09-02 14:06:07.844487;27;27.66;-0.66;3.76;1.98
2022-09-02 14:06:07.969457;27;27.68;-0.68;3.52;1.70
2022-09-02 14:06:08.110049;27;27.74;-0.74;3.24;1.60
2022-09-02 14:06:08.219398;27;27.76;-0.76;2.97;1.50
2022-09-02 14:06:08.344369;27;27.81;-0.81;2.67;1.22
2022-09-02 14:06:08.453718;27;27.82;-0.82;2.39;1.17
2022-09-02 14:06:08.578689;27;27.79;-0.79;2.14;0.99
2022-09-02 14:06:08.688037;27;27.76;-0.76;1.91;0.91
2022-09-02 14:06:08.813008;27;27.78;-0.78;1.64;0.86
2022-09-02 14:06:08.922357;27;27.72;-0.72;1.44;0.74
2022-09-02 14:06:09.031705;27;27.65;-0.65;1.27;0.67
2022-09-02 14:06:09.156676;27;27.64;-0.64;1.06;0.72
2022-09-02 14:06:09.281646;27;27.57;-0.57;0.92;0.64
2022-09-02 14:06:09.406622;27;27.51;-0.51;0.79;0.55
2022-09-02 14:06:09.515966;27;27.48;-0.48;0.65;0.52
2022-09-02 14:06:09.640936;27;27.39;-0.39;0.57;0.46
2022-09-02 14:06:09.765911;27;27.30;-0.30;0.54;0.45
2022-09-02 14:06:09.875257;27;27.26;-0.26;0.48;0.47
2022-09-02 14:06:10.000226;27;27.21;-0.21;0.45;0.50
2022-09-02 14:06:10.109575;27;27.13;-0.13;0.45;0.43
2022-09-02 14:06:10.250172;27;27.09;-0.09;0.45;0.44
2022-09-02 14:06:10.359519;27;26.99;0.01;0.52;0.45
2022-09-02 14:06:10.468865;27;26.96;0.04;0.55;0.46
2022-09-02 14:06:10.578217;27;26.94;0.06;0.58;0.47
2022-09-02 14:06:10.687564;27;26.85;0.15;0.69;0.52
2022-09-02 14:06:10.796913;27;26.79;0.21;0.80;0.51
2022-09-02 14:06:10.906263;27;26.78;0.22;0.89;0.63
2022-09-02 14:06:11.015611;27;26.71;0.29;1.03;0.55
2022-09-02 14:06:11.140581;27;26.68;0.32;1.15;0.64
2022-09-02 14:06:11.265562;27;26.61;0.39;1.33;0.62
2022-09-02 14:06:11.390523;27;26.61;0.39;1.46;0.61
2022-09-02 14:06:11.531114;27;26.49;0.51;1.71;0.66
2022-09-02 14:06:11.671707;27;26.50;0.50;1.87;0.78
2022-09-02 14:06:11.781067;27;26.42;0.58;2.11;0.83
2022-09-02 14:06:11.890405;27;26.39;0.61;2.34;0.99
2022-09-02 14:06:11.999754;27;26.36;0.64;2.57;1.01
2022-09-02 14:06:12.124724;27;26.35;0.65;2.80;1.17
2022-09-02 14:06:12.265326;27;26.32;0.68;3.04;1.31
2022-09-02 14:06:12.390286;27;26.35;0.65;3.24;1.32
2022-09-02 14:06:12.499635;27;26.45;0.55;3.36;1.39
2022-09-02 14:06:12.624606;27;26.37;0.63;3.62;1.63
2022-09-02 14:06:12.733955;27;26.40;0.60;3.80;1.64
2022-09-02 14:06:12.858927;27;26.52;0.48;3.88;1.76
2022-09-02 14:06:12.999517;27;26.40;0.60;4.17;1.75
2022-09-02 14:06:13.108866;27;26.46;0.54;4.31;1.98
2022-09-02 14:06:13.233837;27;26.46;0.54;4.48;1.76
2022-09-02 14:06:13.390049;27;26.52;0.48;4.60;1.88
2022-09-02 14:06:13.499399;27;26.55;0.45;4.73;1.85
2022-09-02 14:06:13.608748;27;26.60;0.40;4.83;1.94
2022-09-02 14:06:13.718097;27;26.59;0.41;4.97;1.78
2022-09-02 14:06:13.843067;27;26.65;0.35;5.05;1.81
2022-09-02 14:06:13.952416;27;26.75;0.25;5.07;1.91
2022-09-02 14:06:14.077386;27;26.74;0.26;5.16;1.64
2022-09-02 14:06:14.249224;27;26.76;0.24;5.23;1.81
2022-09-02 14:06:14.374192;27;26.84;0.16;5.23;1.84
2022-09-02 14:06:14.499163;27;26.87;0.13;5.25;1.79
2022-09-02 14:06:14.608511;27;26.84;0.16;5.33;1.79
2022-09-02 14:06:14.749104;27;26.95;0.05;5.27;1.84
2022-09-02 14:06:14.858452;27;26.96;0.04;5.28;1.77
2022-09-02 14:06:14.967802;27;26.94;0.06;5.31;1.79
2022-09-02 14:06:15.092773;27;27.01;-0.01;5.26;1.81
2022-09-02 14:06:15.217743;27;27.08;-0.08;5.18;1.83
2022-09-02 14:06:15.327093;27;27.06;-0.06;5.17;1.84
2022-09-02 14:06:15.436440;27;27.07;-0.07;5.15;2.05
2022-09-02 14:06:15.561412;27;27.25;-0.25;4.94;1.68
2022-09-02 14:06:15.686383;27;27.21;-0.21;4.90;1.80
2022-09-02 14:06:15.795731;27;27.23;-0.23;4.81;1.97
2022-09-02 14:06:15.905079;27;27.25;-0.25;4.71;2.04
2022-09-02 14:06:16.030051;27;27.27;-0.27;4.61;1.77
2022-09-02 14:06:16.155020;27;27.34;-0.34;4.45;1.85
2022-09-02 14:06:16.279991;27;27.43;-0.43;4.24;1.81
2022-09-02 14:06:16.389341;27;27.43;-0.43;4.10;1.81
2022-09-02 14:06:16.498688;27;27.50;-0.50;3.89;1.86
2022-09-02 14:06:16.623659;27;27.57;-0.57;3.65;1.74
2022-09-02 14:06:16.748631;27;27.57;-0.57;3.46;1.67
2022-09-02 14:06:16.857979;27;27.57;-0.57;3.27;1.42
2022-09-02 14:06:16.967328;27;27.59;-0.59;3.07;1.46
2022-09-02 14:06:17.076678;27;27.54;-0.54;2.92;1.36
2022-09-02 14:06:17.201649;27;27.59;-0.59;2.69;1.38
2022-09-02 14:06:17.310997;27;27.61;-0.61;2.47;1.19
2022-09-02 14:06:17.420347;27;27.49;-0.49;2.39;1.13
2022-09-02 14:06:17.529696;27;27.56;-0.56;2.15;1.01
2022-09-02 14:06:17.639045;27;27.57;-0.57;1.96;0.98
2022-09-02 14:06:17.764018;27;27.51;-0.51;1.83;0.83
2022-09-02 14:06:17.904607;27;27.47;-0.47;1.70;0.80
2022-09-02 14:06:18.013955;27;27.43;-0.43;1.59;0.77
2022-09-02 14:06:18.123305;27;27.45;-0.45;1.42;0.73
2022-09-02 14:06:18.248276;27;27.31;-0.31;1.41;0.72
2022-09-02 14:06:18.357624;27;27.33;-0.33;1.29;0.73
2022-09-02 14:06:18.482595;27;27.29;-0.29;1.22;0.66
2022-09-02 14:06:18.591944;27;27.24;-0.24;1.17;0.62
2022-09-02 14:06:18.716914;27;27.15;-0.15;1.18;0.66
2022-09-02 14:06:18.826265;27;27.12;-0.12;1.16;0.57
2022-09-02 14:06:18.951235;27;27.10;-0.10;1.14;0.59
2022-09-02 14:06:19.060584;27;27.00;-0.00;1.20;0.61
2022-09-02 14:06:19.185553;27;27.01;-0.01;1.19;0.61
2022-09-02 14:06:19.294903;27;26.90;0.10;1.30;0.55
2022-09-02 14:06:19.404252;27;26.90;0.10;1.33;0.68
2022-09-02 14:06:19.513601;27;26.80;0.20;1.46;0.78
2022-09-02 14:06:19.638573;27;26.74;0.26;1.59;0.70
2022-09-02 14:06:19.763546;27;26.77;0.23;1.65;0.72
2022-09-02 14:06:19.872891;27;26.71;0.29;1.79;0.79
2022-09-02 14:06:19.982241;27;26.69;0.31;1.91;0.82
2022-09-02 14:06:20.107210;27;26.69;0.31;2.01;0.79
2022-09-02 14:06:20.216560;27;26.66;0.34;2.14;0.89
2022-09-02 14:06:20.341530;27;26.60;0.40;2.32;0.93
2022-09-02 14:06:20.466500;27;26.56;0.44;2.49;1.04
2022-09-02 14:06:20.575851;27;26.60;0.40;2.60;1.10
2022-09-02 14:06:20.685198;27;26.56;0.44;2.77;1.09
2022-09-02 14:06:20.794548;27;26.56;0.44;2.92;1.17
2022-09-02 14:06:20.903897;27;26.53;0.47;3.10;1.25
2022-09-02 14:06:21.013245;27;26.50;0.50;3.28;1.33
2022-09-02 14:06:21.138217;27;26.62;0.38;3.33;1.47
2022-09-02 14:06:21.247565;27;26.58;0.42;3.50;1.47
2022-09-02 14:06:21.356916;27;26.64;0.36;3.58;1.50
2022-09-02 14:06:21.497506;27;26.61;0.39;3.73;1.60
2022-09-02 14:06:21.606856;27;26.68;0.32;3.78;1.71
2022-09-02 14:06:21.716205;27;26.70;0.30;3.87;1.66
2022-09-02 14:06:21.856798;27;26.83;0.17;3.84;1.77
2022-09-02 14:06:21.966146;27;26.79;0.21;3.94;1.67
2022-09-02 14:06:22.075496;27;26.78;0.22;4.02;1.92
2022-09-02 14:06:22.200466;27;26.85;0.15;4.02;1.80
2022-09-02 14:06:22.309816;27;26.90;0.10;4.02;1.84
2022-09-02 14:06:22.434785;27;26.89;0.11;4.06;1.97
2022-09-02 14:06:22.544134;27;26.97;0.03;4.02;1.93
2022-09-02 14:06:22.653486;27;27.01;-0.01;3.99;1.98
2022-09-02 14:06:22.778454;27;27.08;-0.08;3.92;1.80
2022-09-02 14:06:22.887804;27;27.06;-0.06;3.91;1.72
2022-09-02 14:06:22.997151;27;27.10;-0.10;3.85;1.66
2022-09-02 14:06:23.106501;27;27.25;-0.25;3.66;1.73
2022-09-02 14:06:23.247094;27;27.24;-0.24;3.59;1.66
2022-09-02 14:06:23.356443;27;27.25;-0.25;3.50;1.79
2022-09-02 14:06:23.465791;27;27.19;-0.19;3.48;1.49
2022-09-02 14:06:23.575140;27;27.23;-0.23;3.38;1.50
2022-09-02 14:06:23.715735;27;27.29;-0.29;3.24;1.53
2022-09-02 14:06:23.825081;27;27.31;-0.31;3.12;1.44
2022-09-02 14:06:23.950053;27;27.24;-0.24;3.09;1.43
2022-09-02 14:06:24.059401;27;27.28;-0.28;2.97;1.31
2022-09-02 14:06:24.168750;27;27.30;-0.30;2.85;1.26
2022-09-02 14:06:24.278101;27;27.25;-0.25;2.80;1.27
2022-09-02 14:06:24.387448;27;27.32;-0.32;2.65;1.18
2022-09-02 14:06:24.512418;27;27.31;-0.31;2.55;1.13
2022-09-02 14:06:24.621768;27;27.26;-0.26;2.49;1.06
2022-09-02 14:06:24.746740;27;27.30;-0.30;2.37;0.97
2022-09-02 14:06:24.856087;27;27.28;-0.28;2.28;1.07
2022-09-02 14:06:24.996679;27;27.27;-0.27;2.20;0.94
2022-09-02 14:06:25.106030;27;27.09;-0.09;2.29;1.00
2022-09-02 14:06:25.231000;27;27.20;-0.20;2.15;0.95
2022-09-02 14:06:25.340349;27;27.23;-0.23;2.06;0.93
2022-09-02 14:06:25.449696;27;27.24;-0.24;1.96;0.86
2022-09-02 14:06:25.574668;27;27.19;-0.19;1.94;0.78
2022-09-02 14:06:25.699637;27;27.17;-0.17;1.90;0.86
2022-09-02 14:06:25.808988;27;27.10;-0.10;1.91;0.85
2022-09-02 14:06:25.949579;27;27.12;-0.12;1.85;0.92
2022-09-02 14:06:26.074550;27;27.04;-0.04;1.89;0.78
2022-09-02 14:06:26.215142;27;27.04;-0.04;1.88;0.83
2022-09-02 14:06:26.340112;27;27.02;-0.02;1.89;0.88
2022-09-02 14:06:26.465082;27;26.93;0.07;1.97;0.85
2022-09-02 14:06:26.590053;27;26.93;0.07;1.99;0.86
2022-09-02 14:06:26.730643;27;26.92;0.08;2.03;0.88
2022-09-02 14:06:26.855614;27;26.86;0.14;2.11;0.86
2022-09-02 14:06:26.980584;27;26.83;0.17;2.19;0.97
2022-09-02 14:06:27.121178;27;26.79;0.21;2.28;0.88
2022-09-02 14:06:27.246152;27;26.83;0.17;2.32;0.92
2022-09-02 14:06:27.355497;27;26.79;0.21;2.42;1.00
2022-09-02 14:06:27.480467;27;26.74;0.26;2.53;1.09
2022-09-02 14:06:27.605437;27;26.76;0.24;2.60;1.09
2022-09-02 14:06:27.714786;27;26.75;0.25;2.69;1.08
2022-09-02 14:06:27.839757;27;26.78;0.22;2.74;1.28
2022-09-02 14:06:27.949105;27;26.76;0.24;2.84;1.19
2022-09-02 14:06:28.058455;27;26.76;0.24;2.92;1.26
2022-09-02 14:06:28.199047;27;26.73;0.27;3.02;1.27
2022-09-02 14:06:28.417745;27;26.75;0.25;3.10;1.34
2022-09-02 14:06:28.542716;27;26.75;0.25;3.18;1.30
2022-09-02 14:06:28.667685;27;26.79;0.21;3.22;1.35
2022-09-02 14:06:28.792657;27;26.85;0.15;3.23;1.44
2022-09-02 14:06:28.917627;27;26.79;0.21;3.34;1.39
2022-09-02 14:06:29.136326;27;26.93;0.07;3.27;1.45
2022-09-02 14:06:29.261295;27;26.89;0.11;3.34;1.41
2022-09-02 14:06:29.386266;27;26.91;0.09;3.35;1.46
2022-09-02 14:06:29.511237;27;26.84;0.16;3.45;1.36
2022-09-02 14:06:29.636206;27;27.07;-0.07;3.28;1.57
2022-09-02 14:06:29.776798;27;27.00;-0.00;3.32;1.44
2022-09-02 14:06:29.886148;27;26.91;0.09;3.42;1.60
2022-09-02 14:06:29.995496;27;26.98;0.02;3.37;1.62
2022-09-02 14:06:30.104848;27;27.00;0.00;3.36;1.56
2022-09-02 14:06:30.214195;27;27.06;-0.06;3.30;1.50
2022-09-02 14:06:30.339167;27;27.02;-0.02;3.32;1.50
2022-09-02 14:06:30.448515;27;27.11;-0.11;3.22;1.37
2022-09-02 14:06:30.557863;27;27.04;-0.04;3.26;1.30
2022-09-02 14:06:30.682835;27;27.11;-0.11;3.17;1.57
2022-09-02 14:06:30.792183;27;27.11;-0.11;3.13;1.43
2022-09-02 14:06:30.917153;27;27.15;-0.15;3.06;1.24
2022-09-02 14:06:31.026503;27;27.12;-0.12;3.04;1.32
2022-09-02 14:06:31.135853;27;27.13;-0.13;2.99;1.43
2022-09-02 14:06:31.245203;27;27.19;-0.19;2.88;1.38
2022-09-02 14:06:31.370173;27;27.17;-0.17;2.84;1.26
2022-09-02 14:06:31.479521;27;27.20;-0.20;2.75;1.19
2022-09-02 14:06:31.588869;27;27.17;-0.17;2.72;1.16
2022-09-02 14:06:31.713840;27;27.16;-0.16;2.68;1.13
2022-09-02 14:06:31.823190;27;27.15;-0.15;2.63;1.19
2022-09-02 14:06:31.948167;27;27.21;-0.21;2.52;1.20
2022-09-02 14:06:32.057510;27;27.19;-0.19;2.47;0.98
2022-09-02 14:06:32.166858;27;27.25;-0.25;2.35;0.99
2022-09-02 14:06:32.276208;27;27.20;-0.20;2.31;0.93
2022-09-02 14:06:32.385557;27;27.16;-0.16;2.29;1.00
2022-09-02 14:06:32.494905;27;27.11;-0.11;2.28;1.03
2022-09-02 14:06:32.604254;27;27.10;-0.10;2.26;0.96
2022-09-02 14:06:32.713603;27;27.10;-0.10;2.22;0.98
2022-09-02 14:06:32.822955;27;27.11;-0.11;2.18;0.89
2022-09-02 14:06:32.932301;27;27.12;-0.12;2.14;0.95
2022-09-02 14:06:33.041651;27;27.09;-0.09;2.13;0.86
2022-09-02 14:06:33.166622;27;27.06;-0.06;2.13;0.91
2022-09-02 14:06:33.291593;27;26.99;0.01;2.18;0.87
2022-09-02 14:06:33.400941;27;27.01;-0.01;2.16;1.00
2022-09-02 14:06:33.541532;27;26.96;0.04;2.21;1.02
2022-09-02 14:06:33.666504;27;26.99;0.01;2.20;0.96
2022-09-02 14:06:33.775852;27;26.93;0.07;2.26;1.05
2022-09-02 14:06:33.900823;27;26.95;0.05;2.26;0.91
2022-09-02 14:06:34.025793;27;26.90;0.10;2.33;1.03
2022-09-02 14:06:34.166386;27;26.91;0.09;2.35;0.98
2022-09-02 14:06:34.306978;27;26.88;0.12;2.41;1.07
2022-09-02 14:06:34.416325;27;26.89;0.11;2.44;1.00
2022-09-02 14:06:34.525676;27;26.91;0.09;2.45;1.01
2022-09-02 14:06:34.635025;27;26.80;0.20;2.59;0.99
2022-09-02 14:06:34.759997;27;26.85;0.15;2.61;1.13
2022-09-02 14:06:34.869345;27;26.87;0.13;2.64;1.17
2022-09-02 14:06:34.978693;27;26.94;0.06;2.61;1.16
2022-09-02 14:06:35.088041;27;26.89;0.11;2.68;1.02
2022-09-02 14:06:35.228633;27;26.81;0.19;2.80;1.13
2022-09-02 14:06:35.353605;27;26.90;0.10;2.77;1.19
2022-09-02 14:06:35.462953;27;26.84;0.16;2.86;1.17
2022-09-02 14:06:35.587924;27;26.88;0.12;2.88;1.17
2022-09-02 14:06:35.712894;27;26.87;0.13;2.92;1.27
2022-09-02 14:06:35.822244;27;26.89;0.11;2.95;1.28
2022-09-02 14:06:35.947214;27;26.87;0.13;3.00;1.31
2022-09-02 14:06:36.056563;27;26.88;0.12;3.03;1.19
2022-09-02 14:06:36.181535;27;26.98;0.02;2.98;1.35
2022-09-02 14:06:36.290884;27;26.81;0.19;3.16;1.47
2022-09-02 14:06:36.415853;27;26.90;0.10;3.13;1.46
2022-09-02 14:06:36.525203;27;26.94;0.06;3.12;1.35
2022-09-02 14:06:36.634551;27;26.90;0.10;3.18;1.42
2022-09-02 14:06:36.743900;27;26.87;0.13;3.25;1.37
2022-09-02 14:06:36.853250;27;26.94;0.06;3.22;1.42
2022-09-02 14:06:36.978221;27;26.89;0.11;3.28;1.41
2022-09-02 14:06:37.087569;27;26.95;0.05;3.27;1.44
2022-09-02 14:06:37.212539;27;26.98;0.02;3.25;1.51
2022-09-02 14:06:37.321890;27;27.06;-0.06;3.18;1.41
2022-09-02 14:06:37.446859;27;27.10;-0.10;3.12;1.37
2022-09-02 14:06:37.556208;27;27.07;-0.07;3.12;1.32
2022-09-02 14:06:37.665557;27;27.09;-0.09;3.07;1.35
2022-09-02 14:06:37.774907;27;27.10;-0.10;3.04;1.32
2022-09-02 14:06:37.899876;27;27.08;-0.08;3.02;1.28
2022-09-02 14:06:38.009226;27;27.12;-0.12;2.96;1.43
2022-09-02 14:06:38.149819;27;27.11;-0.11;2.92;1.29
2022-09-02 14:06:38.274789;27;27.14;-0.14;2.86;1.24
2022-09-02 14:06:38.384137;27;27.12;-0.12;2.83;1.16
2022-09-02 14:06:38.509107;27;27.12;-0.12;2.79;1.20
2022-09-02 14:06:38.618458;27;27.09;-0.09;2.78;1.28
2022-09-02 14:06:38.727851;27;27.15;-0.15;2.69;1.11
2022-09-02 14:06:38.837154;27;27.15;-0.15;2.65;1.13
2022-09-02 14:06:38.946504;27;27.19;-0.19;2.56;1.17
2022-09-02 14:06:39.071474;27;27.14;-0.14;2.54;1.04
2022-09-02 14:06:39.180824;27;27.15;-0.15;2.49;1.13
2022-09-02 14:06:39.305794;27;27.11;-0.11;2.48;1.01
2022-09-02 14:06:39.415144;27;27.15;-0.15;2.40;1.01
2022-09-02 14:06:39.524493;27;27.11;-0.11;2.39;0.93
2022-09-02 14:06:39.649462;27;27.10;-0.10;2.36;1.04
2022-09-02 14:06:39.774434;27;27.11;-0.11;2.32;0.95
2022-09-02 14:06:39.885374;27;27.06;-0.06;2.34;0.91
2022-09-02 14:06:39.994725;27;27.07;-0.07;2.31;1.03
2022-09-02 14:06:40.104074;27;27.06;-0.06;2.29;0.91
2022-09-02 14:06:40.229045;27;27.02;-0.02;2.31;0.92
2022-09-02 14:06:40.338393;27;27.01;-0.01;2.31;0.99
2022-09-02 14:06:40.478984;27;27.00;0.00;2.33;1.02
2022-09-02 14:06:40.588333;27;27.00;-0.00;2.32;1.01
2022-09-02 14:06:40.713305;27;26.95;0.05;2.37;1.03
2022-09-02 14:06:40.838276;27;26.98;0.02;2.36;0.99
2022-09-02 14:06:40.947623;27;26.95;0.05;2.40;1.00
2022-09-02 14:06:41.056973;27;26.91;0.09;2.46;1.05
2022-09-02 14:06:41.166322;27;26.95;0.05;2.45;1.12
2022-09-02 14:06:41.275672;27;26.92;0.08;2.50;0.98
2022-09-02 14:06:41.400643;27;26.97;0.03;2.47;1.09
2022-09-02 14:06:41.525613;27;26.94;0.06;2.51;1.07
2022-09-02 14:06:41.634961;27;26.95;0.05;2.52;1.18
2022-09-02 14:06:41.759935;27;26.91;0.09;2.57;1.01
2022-09-02 14:06:41.869280;27;26.91;0.09;2.60;1.12
2022-09-02 14:06:41.978629;27;26.91;0.09;2.64;1.13
2022-09-02 14:06:42.087979;27;26.85;0.15;2.73;1.18
2022-09-02 14:06:42.228570;27;26.95;0.05;2.68;1.26
2022-09-02 14:06:42.337920;27;26.89;0.11;2.76;1.10
2022-09-02 14:06:42.447269;27;26.86;0.14;2.82;1.23
2022-09-02 14:06:42.572239;27;26.93;0.07;2.80;1.26
2022-09-02 14:06:42.681589;27;26.92;0.08;2.83;1.32
2022-09-02 14:06:42.790938;27;26.90;0.10;2.88;1.26
2022-09-02 14:06:42.900286;27;26.93;0.07;2.88;1.31
2022-09-02 14:06:43.009636;27;26.93;0.07;2.90;1.24
2022-09-02 14:06:43.134606;27;26.87;0.13;2.99;1.28
2022-09-02 14:06:43.259578;27;26.95;0.05;2.95;1.23
2022-09-02 14:06:43.400168;27;26.91;0.09;3.01;1.45
2022-09-02 14:06:43.509517;27;26.88;0.12;3.06;1.28
2022-09-02 14:06:43.618867;27;26.94;0.06;3.04;1.29
2022-09-02 14:06:43.743844;27;26.91;0.09;3.09;1.45
2022-09-02 14:06:43.853186;27;26.91;0.09;3.12;1.33
2022-09-02 14:06:43.962535;27;27.03;-0.03;3.03;1.36
2022-09-02 14:06:44.071885;27;27.01;-0.01;3.04;1.32
2022-09-02 14:06:44.181234;27;27.03;-0.03;3.01;1.26
2022-09-02 14:06:44.290583;27;26.99;0.01;3.04;1.27
2022-09-02 14:06:44.415553;27;27.00;-0.00;3.04;1.28
2022-09-02 14:06:44.524903;27;27.10;-0.10;2.94;1.19
2022-09-02 14:06:44.649874;27;26.99;0.01;3.01;1.19
2022-09-02 14:06:44.774845;27;27.12;-0.12;2.89;1.39
2022-09-02 14:06:44.884193;27;27.11;-0.11;2.86;1.24
2022-09-02 14:06:44.993542;27;27.12;-0.12;2.81;1.19
2022-09-02 14:06:45.102892;27;27.11;-0.11;2.78;1.32
2022-09-02 14:06:45.227860;27;27.02;-0.02;2.84;1.21
2022-09-02 14:06:45.368454;27;27.12;-0.12;2.73;1.31
2022-09-02 14:06:45.493424;27;27.09;-0.09;2.72;1.13
2022-09-02 14:06:45.602772;27;27.11;-0.11;2.67;1.10
2022-09-02 14:06:45.743372;27;27.12;-0.12;2.62;1.13
2022-09-02 14:06:45.852713;27;27.13;-0.13;2.58;1.08
2022-09-02 14:06:45.977684;27;27.09;-0.09;2.57;1.03
2022-09-02 14:06:46.102654;27;27.06;-0.06;2.57;1.11
2022-09-02 14:06:46.227624;27;27.11;-0.11;2.50;1.10
2022-09-02 14:06:46.336974;27;27.04;-0.04;2.53;1.00
2022-09-02 14:06:46.446323;27;27.04;-0.04;2.52;1.02
2022-09-02 14:06:46.555672;27;27.06;-0.06;2.49;1.03
2022-09-02 14:06:46.665021;27;27.04;-0.04;2.48;1.08
2022-09-02 14:06:46.774370;27;27.07;-0.07;2.44;1.02
2022-09-02 14:06:46.914964;27;27.02;-0.02;2.47;1.01
2022-09-02 14:06:47.024311;27;27.02;-0.02;2.46;1.09
2022-09-02 14:06:47.149281;27;27.01;-0.01;2.47;1.11
2022-09-02 14:06:47.258632;27;27.08;-0.08;2.40;1.08
2022-09-02 14:06:47.367980;27;27.00;-0.00;2.45;0.99
2022-09-02 14:06:47.477328;27;26.98;0.02;2.47;1.07
2022-09-02 14:06:47.602299;27;26.95;0.05;2.50;1.06
2022-09-02 14:06:47.727270;27;26.98;0.02;2.49;1.09
2022-09-02 14:06:47.836619;27;26.98;0.02;2.50;1.18
2022-09-02 14:06:47.945971;27;26.98;0.02;2.51;1.17
2022-09-02 14:06:48.055317;27;26.97;0.03;2.52;1.14
2022-09-02 14:06:48.180287;27;26.96;0.04;2.54;0.96
2022-09-02 14:06:48.289637;27;26.96;0.04;2.56;1.09
2022-09-02 14:06:48.414607;27;26.90;0.10;2.62;1.09
2022-09-02 14:06:48.523957;27;26.92;0.08;2.64;1.09
2022-09-02 14:06:48.633307;27;26.96;0.04;2.63;1.12
2022-09-02 14:06:48.773897;27;26.93;0.07;2.67;1.19
2022-09-02 14:06:48.883247;27;26.96;0.04;2.66;1.16
2022-09-02 14:06:49.023838;27;26.96;0.04;2.67;1.16
2022-09-02 14:06:49.133187;27;26.96;0.04;2.69;1.06
2022-09-02 14:06:49.273780;27;27.00;-0.00;2.66;1.17
2022-09-02 14:06:49.383129;27;27.01;-0.01;2.65;1.22
2022-09-02 14:06:49.492478;27;26.90;0.10;2.76;1.17
2022-09-02 14:06:49.601826;27;26.93;0.07;2.76;1.18
2022-09-02 14:06:49.726797;27;26.92;0.08;2.79;1.15
2022-09-02 14:06:49.836147;27;26.88;0.12;2.86;1.18
2022-09-02 14:06:49.961117;27;26.97;0.03;2.81;1.27
2022-09-02 14:06:50.070467;27;26.95;0.05;2.84;1.16
2022-09-02 14:06:50.179815;27;26.94;0.06;2.87;1.18
2022-09-02 14:06:50.304785;27;26.92;0.08;2.91;1.21
2022-09-02 14:06:50.414135;27;26.98;0.02;2.87;1.26
2022-09-02 14:06:50.539105;27;26.96;0.04;2.90;1.22
2022-09-02 14:06:50.664075;27;26.96;0.04;2.91;1.22
2022-09-02 14:06:50.773425;27;27.06;-0.06;2.82;1.25
2022-09-02 14:06:50.882773;27;27.01;-0.01;2.85;1.17
2022-09-02 14:06:51.007745;27;27.02;-0.02;2.84;1.20
2022-09-02 14:06:51.117092;27;26.95;0.05;2.91;1.24
2022-09-02 14:06:51.226443;27;27.02;-0.02;2.86;1.18
2022-09-02 14:06:51.367035;27;26.94;0.06;2.93;1.12
2022-09-02 14:06:51.476382;27;26.99;0.01;2.89;1.19
2022-09-02 14:06:51.601354;27;27.00;0.00;2.89;1.28
2022-09-02 14:06:51.726324;27;27.05;-0.05;2.84;1.25
2022-09-02 14:06:51.835673;27;27.01;-0.01;2.86;1.15
2022-09-02 14:06:51.960644;27;27.06;-0.06;2.80;1.28
2022-09-02 14:06:52.069993;27;26.84;0.16;3.01;1.16
2022-09-02 14:06:52.194963;27;27.04;-0.04;2.86;1.26
2022-09-02 14:06:52.319934;27;27.12;-0.12;2.76;1.31
2022-09-02 14:06:52.429283;27;27.12;-0.12;2.73;1.21
2022-09-02 14:06:52.538631;27;27.10;-0.10;2.71;1.22
2022-09-02 14:06:52.647982;27;27.01;-0.01;2.76;1.21
2022-09-02 14:06:52.772951;27;27.01;-0.01;2.76;1.26
2022-09-02 14:06:52.897921;27;27.08;-0.08;2.69;1.28
2022-09-02 14:06:53.007272;27;27.11;-0.11;2.63;1.24
2022-09-02 14:06:53.132241;27;27.07;-0.07;2.64;1.10
2022-09-02 14:06:53.257212;27;27.02;-0.02;2.66;1.10
2022-09-02 14:06:53.366561;27;27.06;-0.06;2.61;1.07
2022-09-02 14:06:53.475910;27;27.12;-0.12;2.53;1.16
2022-09-02 14:06:53.585259;27;27.03;-0.03;2.58;1.02
2022-09-02 14:06:53.710231;27;27.06;-0.06;2.54;1.04
2022-09-02 14:06:53.835200;27;27.09;-0.09;2.49;0.99
2022-09-02 14:06:53.944550;27;27.09;-0.09;2.46;1.08
2022-09-02 14:06:54.085142;27;27.04;-0.04;2.49;1.02
2022-09-02 14:06:54.210112;27;27.02;-0.02;2.49;1.16
2022-09-02 14:06:54.335082;27;27.07;-0.07;2.43;1.08
2022-09-02 14:06:54.460053;27;27.03;-0.03;2.45;1.01
2022-09-02 14:06:54.569401;27;27.04;-0.04;2.43;1.15
2022-09-02 14:06:54.694373;27;27.04;-0.04;2.42;1.12
2022-09-02 14:06:54.834963;27;27.01;-0.01;2.44;1.05
2022-09-02 14:06:54.944313;27;26.95;0.05;2.50;0.99
2022-09-02 14:06:55.053662;27;26.98;0.02;2.48;1.08
2022-09-02 14:06:55.178632;27;26.98;0.02;2.49;1.09
2022-09-02 14:06:55.287983;27;26.97;0.03;2.50;1.07
2022-09-02 14:06:55.397330;27;26.97;0.03;2.51;1.04
2022-09-02 14:06:55.506680;27;26.96;0.04;2.53;1.02
2022-09-02 14:06:55.616029;27;26.96;0.04;2.54;1.06
2022-09-02 14:06:55.741004;27;26.95;0.05;2.57;1.05
2022-09-02 14:06:55.850348;27;26.92;0.08;2.62;1.16
2022-09-02 14:06:55.959698;27;26.90;0.10;2.66;1.25
2022-09-02 14:06:56.100289;27;26.97;0.03;2.63;1.11
2022-09-02 14:06:56.334608;27;27.02;-0.02;2.59;1.17
2022-09-02 14:06:56.443959;27;26.91;0.09;2.69;1.04
2022-09-02 14:06:56.553308;27;26.93;0.07;2.70;1.25
2022-09-02 14:06:56.678279;27;26.92;0.08;2.73;1.13
2022-09-02 14:06:56.803248;27;26.91;0.09;2.77;1.18
2022-09-02 14:06:56.912596;27;26.93;0.07;2.78;1.35
2022-09-02 14:06:57.037567;27;26.91;0.09;2.82;1.22
2022-09-02 14:06:57.162537;27;26.96;0.04;2.80;1.13
2022-09-02 14:06:57.271887;27;26.98;0.02;2.79;1.26
2022-09-02 14:06:57.396858;27;26.92;0.08;2.86;1.12
2022-09-02 14:06:57.506207;27;26.93;0.07;2.88;1.27
2022-09-02 14:06:57.631178;27;26.95;0.05;2.88;1.22
2022-09-02 14:06:57.756149;27;26.93;0.07;2.92;1.28
2022-09-02 14:06:57.865496;27;26.99;0.01;2.89;1.17
2022-09-02 14:06:57.974846;27;26.91;0.09;2.97;1.22
2022-09-02 14:06:58.084196;27;27.01;-0.01;2.90;1.25
2022-09-02 14:06:58.224787;27;26.94;0.06;2.97;1.29
2022-09-02 14:06:58.334135;27;26.92;0.08;3.00;1.35
2022-09-02 14:06:58.443486;27;26.97;0.03;2.98;1.27
2022-09-02 14:06:58.568457;27;27.01;-0.01;2.95;1.27
2022-09-02 14:06:58.693425;27;27.01;-0.01;2.95;1.34
2022-09-02 14:06:58.802775;27;27.01;-0.01;2.95;1.43
2022-09-02 14:06:58.943367;27;27.04;-0.04;2.91;1.23
2022-09-02 14:06:59.052716;27;27.06;-0.06;2.88;1.27
2022-09-02 14:06:59.162065;27;27.03;-0.03;2.88;1.20
2022-09-02 14:06:59.302657;27;27.10;-0.10;2.80;1.25
2022-09-02 14:06:59.427627;27;27.05;-0.05;2.82;1.19
2022-09-02 14:06:59.536977;27;27.09;-0.09;2.77;1.21
2022-09-02 14:06:59.646326;27;27.04;-0.04;2.79;1.19
2022-09-02 14:06:59.771295;27;27.05;-0.05;2.77;1.20
2022-09-02 14:06:59.880646;27;27.08;-0.08;2.71;1.28
2022-09-02 14:07:00.005616;27;27.10;-0.10;2.67;1.12
2022-09-02 14:07:00.130585;27;27.16;-0.16;2.58;1.18
2022-09-02 14:07:00.239934;27;27.03;-0.03;2.65;1.08
2022-09-02 14:07:00.380526;27;27.06;-0.06;2.61;1.06
2022-09-02 14:07:00.489877;27;27.06;-0.06;2.59;1.07
2022-09-02 14:07:00.614846;27;27.04;-0.04;2.59;1.03
2022-09-02 14:07:00.739817;27;27.03;-0.03;2.59;1.04
2022-09-02 14:07:00.864788;27;27.04;-0.04;2.57;1.10
2022-09-02 14:07:00.989759;27;27.05;-0.05;2.55;1.07
2022-09-02 14:07:01.114728;27;27.06;-0.06;2.51;1.10
2022-09-02 14:07:01.239699;27;27.05;-0.05;2.51;1.06
2022-09-02 14:07:01.364668;27;27.03;-0.03;2.51;1.19
2022-09-02 14:07:01.474017;27;27.13;-0.13;2.40;1.11
2022-09-02 14:07:01.583368;27;26.96;0.04;2.53;1.05
2022-09-02 14:07:01.723964;27;26.98;0.02;2.52;1.16
2022-09-02 14:07:01.848929;27;27.01;-0.01;2.50;1.17
2022-09-02 14:07:01.958278;27;26.98;0.02;2.53;1.01
2022-09-02 14:07:02.067627;27;26.99;0.01;2.52;1.05
2022-09-02 14:07:02.176977;27;26.99;0.01;2.53;1.14
2022-09-02 14:07:02.317570;27;26.98;0.02;2.54;1.06
2022-09-02 14:07:02.426917;27;27.00;0.00;2.53;1.09
2022-09-02 14:07:02.536267;27;26.95;0.05;2.58;1.03
2022-09-02 14:07:02.645616;27;26.94;0.06;2.61;1.18
2022-09-02 14:07:02.770588;27;26.93;0.07;2.64;1.04
2022-09-02 14:07:02.879936;27;27.05;-0.05;2.54;1.14
2022-09-02 14:07:02.989291;27;27.03;-0.03;2.54;1.11
2022-09-02 14:07:03.098633;27;26.98;0.02;2.58;1.17
2022-09-02 14:07:03.239234;27;26.96;0.04;2.61;1.18
2022-09-02 14:07:03.348574;27;26.92;0.08;2.66;1.12
2022-09-02 14:07:03.457924;27;27.00;0.00;2.62;1.15
2022-09-02 14:07:03.567273;27;26.93;0.07;2.68;1.20
2022-09-02 14:07:03.676622;27;27.09;-0.09;2.55;1.17
2022-09-02 14:07:03.785971;27;26.94;0.06;2.67;1.05
2022-09-02 14:07:03.895321;27;26.91;0.09;2.72;1.13
2022-09-02 14:07:04.004670;27;27.13;-0.13;2.53;1.15
2022-09-02 14:07:04.129640;27;27.05;-0.05;2.56;1.17
2022-09-02 14:07:04.254610;27;26.96;0.04;2.64;1.05
2022-09-02 14:07:04.363960;27;26.96;0.04;2.66;1.15
2022-09-02 14:07:04.473308;27;26.91;0.09;2.71;1.10
2022-09-02 14:07:04.598278;27;26.90;0.10;2.76;1.07
2022-09-02 14:07:04.723249;27;26.92;0.08;2.77;1.27
2022-09-02 14:07:04.832599;27;26.95;0.05;2.76;1.16
2022-09-02 14:07:04.941948;27;26.95;0.05;2.79;1.15
2022-09-02 14:07:05.051297;27;27.00;0.00;2.76;1.20
2022-09-02 14:07:05.160647;27;26.98;0.02;2.77;1.24
2022-09-02 14:07:05.285617;27;26.93;0.07;2.83;1.30
2022-09-02 14:07:05.394966;27;26.93;0.07;2.85;1.17
2022-09-02 14:07:05.504316;27;27.00;0.00;2.81;1.09
2022-09-02 14:07:05.629285;27;26.97;0.03;2.84;1.26
2022-09-02 14:07:05.754255;27;26.99;0.01;2.83;1.28
2022-09-02 14:07:05.863606;27;26.98;0.02;2.85;1.22
2022-09-02 14:07:05.972954;27;26.98;0.02;2.85;1.19
2022-09-02 14:07:06.082303;27;27.00;-0.00;2.84;1.34
2022-09-02 14:07:06.207274;27;26.98;0.02;2.86;1.23
2022-09-02 14:07:06.316622;27;26.97;0.03;2.88;1.34
2022-09-02 14:07:06.425972;27;27.00;0.00;2.86;1.19
2022-09-02 14:07:06.566574;27;27.02;-0.02;2.84;1.20
2022-09-02 14:07:06.675914;27;27.06;-0.06;2.79;1.18
2022-09-02 14:07:06.785262;27;26.99;0.01;2.84;1.34
2022-09-02 14:07:06.957096;27;27.01;-0.01;2.82;1.13
2022-09-02 14:07:07.066446;27;27.01;-0.01;2.82;1.11
2022-09-02 14:07:07.191416;27;27.03;-0.03;2.80;1.12
2022-09-02 14:07:07.316386;27;26.98;0.02;2.84;1.17
2022-09-02 14:07:07.425735;27;27.03;-0.03;2.80;1.12
2022-09-02 14:07:07.550705;27;27.02;-0.02;2.80;1.16
2022-09-02 14:07:07.660054;27;27.00;0.00;2.81;1.09
2022-09-02 14:07:07.769405;27;27.04;-0.04;2.77;1.21
2022-09-02 14:07:07.878753;27;26.97;0.03;2.82;1.17
2022-09-02 14:07:08.003725;27;27.09;-0.09;2.72;1.30
2022-09-02 14:07:08.128695;27;27.03;-0.03;2.74;1.12
2022-09-02 14:07:08.253664;27;27.11;-0.11;2.65;1.17
2022-09-02 14:07:08.363014;27;27.06;-0.06;2.66;1.16
2022-09-02 14:07:08.487984;27;27.06;-0.06;2.65;1.16
2022-09-02 14:07:08.597332;27;27.08;-0.08;2.60;1.10
2022-09-02 14:07:08.722304;27;27.07;-0.07;2.58;1.16
2022-09-02 14:07:08.831653;27;27.03;-0.03;2.61;1.19
2022-09-02 14:07:08.941002;27;27.04;-0.04;2.58;1.07
2022-09-02 14:07:09.065973;27;27.04;-0.04;2.58;1.11
2022-09-02 14:07:09.175321;27;27.04;-0.04;2.55;1.01
2022-09-02 14:07:09.284670;27;27.04;-0.04;2.54;1.10
2022-09-02 14:07:09.394019;27;27.04;-0.04;2.53;1.02
2022-09-02 14:07:09.503368;27;26.99;0.01;2.56;1.09
2022-09-02 14:07:09.612719;27;26.98;0.02;2.58;1.08
2022-09-02 14:07:09.737689;27;27.02;-0.02;2.54;1.11
2022-09-02 14:07:09.862659;27;26.97;0.03;2.59;1.01
2022-09-02 14:07:09.987630;27;27.00;-0.00;2.56;1.08
2022-09-02 14:07:10.096978;27;26.99;0.01;2.58;1.06
2022-09-02 14:07:10.206327;27;26.96;0.04;2.61;1.24
2022-09-02 14:07:10.315677;27;26.97;0.03;2.61;1.08
2022-09-02 14:07:10.440647;27;27.01;-0.01;2.58;1.15
2022-09-02 14:07:10.549997;27;27.00;-0.00;2.58;1.14
2022-09-02 14:07:10.659345;27;26.99;0.01;2.60;1.11
2022-09-02 14:07:10.784316;27;27.00;0.00;2.59;1.16
2022-09-02 14:07:10.893665;27;26.88;0.12;2.71;1.05
2022-09-02 14:07:11.003014;27;26.96;0.04;2.67;1.06
2022-09-02 14:07:11.127984;27;26.97;0.03;2.67;1.12
2022-09-02 14:07:11.252955;27;27.02;-0.02;2.64;1.14
2022-09-02 14:07:11.362304;27;26.97;0.03;2.68;1.07
2022-09-02 14:07:11.502895;27;26.96;0.04;2.69;1.04
2022-09-02 14:07:11.612244;27;27.01;-0.01;2.66;1.19
2022-09-02 14:07:11.737215;27;26.97;0.03;2.70;1.21
